<?xml version="1.0"?>
<doc>
    <assembly>
        <name>UiPath.Activities.Api.Base</name>
    </assembly>
    <members>
        <member name="T:UiPath.Activities.Api.Base.IAccessProvider">
            <summary>
            This runtime service exposes a method for obtaining OAuth 2.0 access tokens
            </summary>
        </member>
        <member name="M:UiPath.Activities.Api.Base.IAccessProvider.GetResourceUrl(System.String,System.Threading.CancellationToken)">
            <summary>
            Gets the resource server Url for the specified scope.
            </summary>
        </member>
        <member name="M:UiPath.Activities.Api.Base.IAccessProvider.GetAccessToken(System.String,System.Boolean,System.Threading.CancellationToken)">
            <summary>
            Either returns a cached OAuth 2.0 access token for the given <paramref name="scope" />
            or asks the OAuth 2.0 Authorization Server for one, if such an access token doesn't exist or <paramref name="force" /> is <see langword="true" />,
            while also caching and return it.
            </summary>
            <param name="scope">The OAuth 2.0 scope for which to get an access token</param>
            <param name="force">Specify <see langword="true" /> to force the generation of a new access token</param>
            <param name="cancellationToken">request cancellation token</param>
        </member>
        <member name="T:UiPath.Activities.Api.Base.IActivitiesSettingsReader">
            <summary>
            The settings service available at runtime
            </summary>
        </member>
        <member name="M:UiPath.Activities.Api.Base.IActivitiesSettingsReader.TryGetValue``1(System.String,``0@)">
            <summary>
            Retrieve the currently stored value for a setting using its key
            </summary>
            <typeparam name="T">string, bool, int, double or array of the previous types</typeparam>
            <param name="key">The unique key of the setting to get the value for</param>
            <param name="value">[Output] The setting value on success</param>
            <returns>True if the value exists in the settings storage</returns>
        </member>
        <member name="T:UiPath.Activities.Api.Base.IConfiguration">
            <summary>
            Various information or settings about the environment.
            </summary>
        </member>
        <member name="P:UiPath.Activities.Api.Base.IConfiguration.ExtendedSettings">
            <summary>
            Untyped bag of job specific activities settings.
            A value in the dictionary represents the serialized json for that argument.
            Examples:
            "boolArgument" -> "true"
            "stringArgument" -> "\"string\"" (note the extra quotes since it's a json)
            "objectArgument" -> "{\"age\":30}"
            </summary>
        </member>
        <member name="T:UiPath.Activities.Api.Base.IDotnetRuntime">
            <summary>
            For starting exes that intend to use the .NET runtime that is delivered with Robot/Studio.
            </summary>
        </member>
        <member name="P:UiPath.Activities.Api.Base.IDotnetRuntime.EnvironmentVariables">
            <summary>
            Returns the Environment Variables that are to be used to start a .NET process with delivered .NET runtime.
            Note: returns empty dictionary when .NET runtime is not present in the Robot/Studio installation.
            </summary>
        </member>
        <member name="M:UiPath.Activities.Api.Base.IDotnetRuntime.AddEnvironmentVariablesTo(System.Diagnostics.ProcessStartInfo)">
            <summary>
            Adds <see cref="P:UiPath.Activities.Api.Base.IDotnetRuntime.EnvironmentVariables"/> to <paramref name="processStartInfo" />
            Note: No-Op when .NET runtime is not present in the Robot/Studio installation.
            </summary>
            <param name="processStartInfo"></param>
        </member>
        <member name="P:UiPath.Activities.Api.Base.IDotnetRuntime.DotnetCliPath">
            <summary>
            Returns full path to dotnet CLI when .NET runtime is present in the Robot/Studio installation and "dotnet" otherwise.
            </summary>
        </member>
        <member name="T:UiPath.Activities.Api.Base.ITelemetryCustomDimensions">
            <summary>
            Base custom fields provided by executor-telemetry
            </summary>
        </member>
    </members>
</doc>
